,result
5973,1
5972,1
5971,1
5970,1
5969,1
5968,1
5967,1
5966,1
5965,1
5964,1
5963,1
5962,1
5961,1
5960,1
5959,1
5958,1
5957,1
5956,1
5955,1
5954,1
5953,1
5952,1
5951,1
5950,1
5949,1
5948,1
5947,1
5946,1
5945,1
5944,1
5943,1
5942,1
5941,1
5940,1
5939,1
5938,1
5937,1
5935,1
5934,1
5932,1
5931,1
5930,1
5929,1
5928,1
5927,1
5926,1
5925,1
5924,1
5923,1
5922,1
5921,1
5920,1
5919,1
5918,1
5917,1
5916,1
5915,1
5914,1
5913,1
5912,1
5911,1
5910,1
5909,1
5908,1
5907,1
5906,1
5905,1
5904,1
5903,1
5902,1
5901,1
5899,1
5898,1
5897,1
5896,1
5895,1
5894,1
5893,1
5892,1
5891,1
5890,1
5889,1
5888,1
5887,1
5886,1
5885,1
5884,1
5883,1
5882,1
5881,1
5880,1
5879,1
5877,1
5876,1
5875,1
5874,1
5873,1
5872,1
5871,1
5870,1
5869,1
5868,1
5867,1
5866,1
5865,1
5864,1
5863,1
5862,1
5861,1
5860,1
5859,1
5858,1
5857,1
5856,1
5855,1
5854,1
5853,1
5852,1
5851,1
5850,1
5849,1
5848,1
5847,1
5846,1
5845,1
5844,1
5843,1
5842,1
5841,1
5840,1
5839,1
5838,1
5837,1
5836,1
5835,1
5834,1
5833,1
5832,1
5831,1
5830,1
5829,1
5828,1
5827,1
5826,1
5825,1
5823,1
5822,1
5821,1
5820,1
5819,1
5818,1
5817,1
5816,1
5815,1
5814,1
5813,1
5812,1
5811,1
5810,1
5809,1
5808,1
5807,1
5806,1
5805,1
5804,1
5803,1
5802,1
5801,1
5800,1
5799,1
5798,1
5797,1
5796,1
5795,1
5794,1
5793,1
5792,1
5791,1
5790,1
5789,1
5788,1
5786,1
5785,1
5784,1
5783,1
5782,1
5781,1
5780,1
5779,1
5778,1
5777,1
5776,1
5775,1
5774,1
5773,1
5772,1
5770,1
5769,1
5768,1
5767,1
5766,1
5765,1
5764,1
5763,1
5762,1
5761,1
5760,1
5759,1
5758,1
5757,1
5756,1
5755,1
5754,1
5753,1
5752,1
5751,1
5750,1
5749,1
5748,1
5747,1
5746,1
5745,1
5744,1
5743,1
5742,1
5741,1
5740,1
5739,1
5738,1
5737,1
5736,1
5735,1
5734,1
5733,1
5732,1
5731,1
5730,1
5729,1
5728,1
5727,1
5726,1
5725,1
5724,1
5723,1
5722,1
5721,1
5720,1
5719,1
5718,1
5717,1
5716,1
5715,1
5714,1
5713,1
5712,1
5711,1
5710,1
5709,1
5708,1
5707,1
5706,1
5705,1
5704,1
5703,1
5702,1
5701,1
5700,1
5699,1
5698,1
5697,1
5696,1
5695,1
5694,1
5693,1
5692,1
5691,1
5690,1
5689,1
5688,1
5687,1
5686,1
5685,1
5684,1
5683,1
5682,1
5681,1
5680,1
5679,1
5678,1
5677,1
5676,1
5675,1
5674,1
5673,1
5672,1
5671,1
5670,1
5669,1
5668,1
5667,1
5666,1
5665,1
5664,1
5663,1
5662,1
5661,1
5660,1
5659,1
5658,1
5657,1
5656,1
5655,1
5654,1
5653,1
5652,1
5651,1
5650,1
5648,1
5647,1
5646,1
5645,1
5644,1
5643,1
5642,1
5641,1
5640,1
5639,1
5638,1
5637,1
5636,1
5635,1
5634,1
5633,1
5632,1
5631,1
5630,1
5629,1
5628,1
5627,1
5626,1
5625,1
5624,1
5623,1
5622,1
5621,1
5620,1
5619,1
5618,1
5617,1
5616,1
5615,1
5614,1
5613,1
5612,1
5611,1
5610,1
5609,1
5608,1
5607,1
5606,1
5605,1
5604,1
5603,1
5602,1
5601,1
5600,1
5599,1
5598,1
5597,1
5596,1
5595,1
5594,1
5593,1
5592,1
5591,1
5590,1
5589,1
5588,1
5587,1
5586,1
5585,1
5584,1
5583,1
5582,1
5581,1
5580,1
5579,1
5578,1
5577,1
5576,1
5575,1
5574,1
5573,1
5572,1
5571,1
5570,1
5569,1
5568,1
5567,1
5566,1
5565,1
5564,1
5563,1
5562,1
5561,1
5560,1
5559,1
5558,1
5557,1
5556,1
5555,1
5554,1
5553,1
5552,1
5551,1
5550,1
5549,1
5548,1
5547,1
5546,1
5545,1
5544,1
5543,1
5542,1
5541,1
5540,1
5539,1
5538,1
5537,1
5536,1
5535,1
5534,1
5533,1
5532,1
5531,1
5530,1
5529,1
5528,1
5527,1
5526,1
5525,1
5524,1
5523,1
5522,1
5521,1
5520,1
5519,1
5518,1
5517,1
5516,1
5515,1
5514,1
5513,1
5512,1
5511,1
5510,1
5509,1
5508,1
5507,1
5506,1
5505,1
5504,1
5503,1
5502,1
5501,1
5500,1
5499,1
5498,1
5497,1
5496,1
5495,1
5494,1
5493,1
5492,1
5491,1
5490,1
5489,1
5488,1
5487,1
5486,1
5485,1
5484,1
5483,1
5482,1
5481,1
5480,1
5479,1
5478,1
5477,1
5476,1
5475,1
5474,1
5473,1
5472,1
5471,1
5470,1
5469,1
5468,1
5467,1
5466,1
5465,1
5464,1
5463,1
5462,1
5461,1
5460,1
5459,1
5458,1
5457,1
5456,1
5455,1
5454,1
5453,1
5452,1
5451,1
5450,1
5449,1
5448,1
5447,1
5446,1
5445,1
5444,1
5443,1
5442,1
5441,1
5440,1
5439,1
5438,1
5437,1
5436,1
5435,1
5434,1
5433,1
5432,1
5431,1
5430,1
5429,1
5428,1
5427,1
5426,1
5425,1
5424,1
5423,1
5422,1
5421,1
5420,1
5419,1
5418,1
5417,1
5416,1
5415,1
5414,1
5413,1
5412,1
5411,1
5410,1
5409,1
5408,1
5407,1
5406,1
5405,1
5404,1
5403,1
5402,1
5401,1
5400,1
5399,1
5398,1
5397,1
5396,1
5395,1
5394,1
5393,1
5392,1
5391,1
5390,1
5388,1
5387,1
5386,1
5385,1
5384,1
5383,1
5382,1
5380,1
5379,1
5378,1
5377,1
5376,1
5375,1
5374,1
5373,1
5372,1
5371,1
5370,1
5369,1
5368,1
5367,1
5366,1
5365,1
5364,1
5363,1
5362,1
5361,1
5360,1
5359,1
5358,1
5357,1
5356,1
5355,1
5354,1
5353,1
5352,1
5351,1
5350,1
5349,1
5348,1
5347,1
5346,1
5345,1
5344,1
5343,1
5342,1
5341,1
5340,1
5339,1
5338,1
5337,1
5336,1
5335,1
5334,1
5333,1
5332,1
5331,1
5330,1
5329,1
5328,1
5327,1
5326,1
5325,1
5324,1
5323,1
5322,1
5321,1
5320,1
5319,1
5318,1
5317,1
5316,1
5315,1
5314,1
5313,1
5312,1
5311,1
5310,1
5309,1
5308,1
5307,1
5306,1
5305,1
5304,1
5303,1
5302,1
5301,1
5300,1
5299,1
5298,1
5297,1
5296,1
5295,1
5294,1
5293,1
5292,1
5291,1
5290,1
5289,1
5288,1
5287,1
5286,1
5285,1
5284,1
5283,1
5282,1
5281,1
5280,1
5279,1
5278,1
5277,1
5276,1
5275,1
5274,1
5273,1
5272,1
5271,1
5270,1
5269,1
5268,1
5267,1
5266,1
5265,1
5264,1
5263,1
5262,1
5261,1
5260,1
5259,1
5258,1
5257,1
5256,1
5255,1
5254,1
5253,1
5252,1
5251,1
5250,1
5249,1
5248,1
5247,1
5246,1
5245,1
5244,1
5243,1
5242,1
5241,1
5240,1
5239,1
5238,1
5237,1
5236,1
5235,1
5234,1
5233,1
5232,1
5231,1
5230,1
5229,1
5228,1
5227,1
5226,1
5225,1
5224,1
5223,1
5222,1
5221,1
5220,1
5219,1
5218,1
5217,1
5216,1
5215,1
5214,1
5213,1
5212,1
5211,1
5210,1
5209,1
5208,1
5207,1
5206,1
5205,1
5204,1
5203,1
5202,1
5201,1
5200,1
5199,1
5198,1
5197,1
5196,1
5195,1
5194,1
5193,1
5192,1
5191,1
5190,1
5189,1
5188,1
5187,1
5186,1
5185,1
5184,1
5183,1
5182,1
5181,1
5180,1
5179,1
5178,1
5177,1
5176,1
5175,1
5174,1
5173,1
5172,1
5171,1
5170,1
5169,1
5168,1
5167,1
5166,1
5165,1
5164,1
5163,1
5162,1
5161,1
5160,1
5159,1
5158,1
5157,1
5156,1
5155,1
5154,1
5153,1
5152,1
5151,1
5150,1
5149,1
5148,1
5147,1
5146,1
5145,1
5144,1
5143,1
5142,1
5141,1
5140,1
5139,1
5138,1
5137,1
5136,1
5135,1
5134,1
5133,1
5132,1
5131,1
5130,1
5129,1
5128,1
5127,1
5126,1
5125,1
5124,1
5123,1
5122,1
5121,1
5120,1
5119,1
5118,1
5117,1
5116,1
5115,1
5114,1
5113,1
5112,1
5111,1
5110,1
5109,1
5108,1
5107,1
5106,1
5105,1
5104,1
5103,1
5102,1
5101,1
5100,1
5099,1
5098,1
5097,1
5096,1
5095,1
5094,1
5093,1
5092,1
5091,1
5090,1
5089,1
5087,1
5086,1
5085,1
5084,1
5083,1
5082,1
5081,1
5080,1
5079,1
5078,1
5077,1
5076,1
5075,1
5074,1
5073,1
5072,1
5071,1
5070,1
5069,1
5068,1
5067,1
5066,1
5065,1
5064,1
5063,1
5062,1
5061,1
5060,1
5059,1
5058,1
5057,1
5056,1
5055,1
5054,1
5053,1
5052,1
5051,1
5050,1
5049,1
5048,1
5047,1
5046,1
5045,1
5044,1
5043,1
5042,1
5041,1
5040,1
5039,1
5038,1
5037,1
5036,1
5035,1
5034,1
5033,1
5032,1
5031,1
5030,1
5029,1
5028,1
5027,1
5026,1
5025,1
5024,1
5023,1
5022,1
5021,1
5020,1
5019,1
5018,1
5017,1
5016,1
5015,1
5014,1
5013,1
5012,1
5011,1
5010,1
5009,1
5008,1
5007,1
5006,1
5005,1
5004,1
5003,1
5002,1
5001,1
5000,1
4999,1
4998,1
4997,1
4996,1
4995,1
4994,1
4993,1
4992,1
4991,1
4990,1
4989,1
4988,1
4987,1
4986,1
4985,1
4984,1
4983,1
4982,1
4981,1
4980,1
4979,1
4978,1
4977,1
4976,1
4975,1
4974,1
4973,1
4972,1
4971,1
4970,1
4969,1
4968,1
4967,1
4966,1
4965,1
4964,1
4963,1
4962,1
4961,1
4960,1
4959,1
4958,1
4957,1
4956,1
4955,1
4954,1
4953,1
4952,1
4951,1
4950,1
4949,1
4948,1
4947,1
4946,1
4945,1
4944,1
4943,1
4942,1
4941,1
4940,1
4939,1
4938,1
4937,1
4936,1
4935,1
4934,1
4933,1
4932,1
4931,1
4930,1
4929,1
4928,1
4927,1
4926,1
4925,1
4924,1
4923,1
4922,1
4921,1
4920,1
4919,1
4918,1
4917,1
4916,1
4915,1
4914,1
4913,1
4912,1
4911,1
4910,1
4909,1
4908,1
4907,1
4905,1
4904,1
4903,1
4902,1
4901,1
4900,1
4899,1
4898,1
4897,1
4896,1
4895,1
4894,1
4893,1
4892,1
4891,1
4890,1
4889,1
4888,1
4887,1
4886,1
4885,1
4884,1
4883,1
4882,1
4881,1
4880,1
4879,1
4878,1
4877,1
4876,1
4875,1
4874,1
4873,1
4872,1
4871,1
4870,1
4869,1
4868,1
4867,1
4866,1
4864,1
4863,1
4862,1
4861,1
4860,1
4859,1
4858,1
4857,1
4856,1
4855,1
4854,1
4853,1
4852,1
4851,1
4850,1
4849,1
4848,1
4847,1
4846,1
4845,1
4844,1
4843,1
4842,0
4841,1
4840,1
4839,1
4838,1
4837,0
4836,1
4835,0
4834,1
4833,0
4832,0
4831,1
4830,1
4829,0
4828,0
4827,1
4826,1
4825,1
4824,1
4823,1
4822,1
4821,1
4820,1
4819,0
4818,1
4817,1
4816,1
4815,0
4814,1
4813,0
4812,1
4811,1
4810,1
4809,0
4808,1
4807,0
4806,1
4805,0
4804,0
4803,0
4802,1
4801,0
4800,0
4799,1
4798,1
4797,0
4796,0
4795,1
4794,0
4793,0
4792,0
4791,0
4790,1
4789,0
4788,0
4787,0
4786,0
4785,0
4784,0
4783,0
4782,1
4781,1
4780,1
4779,1
4778,1
4777,0
4776,0
4775,0
4774,1
4773,0
4772,0
4771,0
4770,1
4769,1
4768,0
4767,0
4766,0
4765,1
4764,1
4763,1
4762,0
4761,0
4760,1
4759,1
4758,0
4757,1
4756,1
4755,1
4754,1
4753,1
4752,1
4751,0
4750,1
4749,1
4748,0
4747,0
4746,0
4745,0
4744,1
4743,0
4742,0
4741,1
4740,0
4739,0
4738,1
4737,1
4736,1
4735,1
4734,0
4733,0
4732,1
4731,0
4730,0
4729,0
4728,1
4727,1
4726,0
4725,1
4724,1
4723,1
4722,1
4721,0
4720,0
4719,1
4718,1
4717,1
4716,1
4715,1
4714,1
4713,0
4712,1
4711,0
4710,0
4709,1
4708,1
4707,1
4706,0
4705,1
4704,1
4703,0
4702,1
4701,1
4700,0
4699,1
4698,1
4697,0
4696,1
4695,1
4694,0
4692,1
4691,0
4690,0
4689,0
4688,1
4687,0
4686,1
4685,0
4684,1
4683,0
4682,1
4681,0
4680,1
4679,0
4678,1
4677,1
4676,1
4675,1
4674,1
4673,0
4672,1
4671,0
4670,1
4669,1
4668,0
4667,1
4666,1
4665,1
4664,0
4663,0
4662,0
4661,1
4660,1
4659,0
4658,0
4657,1
4656,0
4655,1
4654,0
4653,0
4652,1
4651,0
4650,0
4649,0
4648,1
4647,1
4646,1
4645,0
4644,0
4643,0
4642,0
4641,1
4640,0
4639,0
4638,1
4637,0
4636,1
4635,0
4634,1
4633,1
4631,1
4630,0
4629,0
4628,1
4627,0
4625,0
4624,1
4622,1
4621,1
4620,1
4619,0
4618,1
4617,0
4616,1
4615,1
4614,1
4613,0
4612,1
4611,1
4610,1
4609,1
4608,1
4607,1
4606,1
4605,1
4604,0
4603,1
4602,1
4601,1
4600,1
4599,1
4598,1
4597,1
4595,1
4594,0
4593,1
4592,0
4591,0
4590,1
4589,1
4588,1
4587,0
4586,0
4585,0
4584,1
4583,1
4582,0
4581,1
4580,0
4579,1
4578,0
4577,0
4576,0
4575,0
4574,1
4573,1
4572,0
4571,1
4570,0
4569,0
4568,1
4567,0
4566,1
4565,1
4564,0
4563,0
4562,0
4561,1
4560,1
4559,1
4558,0
4557,1
4556,1
4555,0
4554,0
4553,0
4552,1
4551,1
4550,0
4549,0
4548,1
4547,0
4546,1
4545,0
4544,1
4543,1
4542,1
4541,1
4540,1
4539,0
4538,1
4537,0
4536,1
4535,1
4534,1
4533,0
4532,1
4531,0
4530,0
4529,0
4528,0
4527,1
4526,1
4525,0
4524,0
4523,0
4522,1
4521,0
4520,1
4519,1
4518,0
4517,0
4516,1
4515,0
4514,1
4513,0
4512,1
4511,0
4510,1
4509,1
4508,1
4507,1
4506,1
4505,0
4504,1
4503,1
4502,1
4501,1
4500,1
4499,0
4497,0
4496,1
4495,1
4494,1
4493,0
4492,1
4491,1
4490,1
4489,1
4488,1
4487,1
4486,0
4485,0
4484,1
4483,0
4482,1
4481,0
4480,1
4479,1
4478,1
4477,0
4476,1
4475,1
4474,1
4473,0
4472,1
4471,1
4470,1
4469,0
4468,1
4467,1
4466,0
4465,1
4464,1
4463,0
4462,1
4461,0
4460,1
4459,1
4458,1
4457,1
4456,1
4455,0
4454,1
4453,1
4452,1
4451,1
4450,1
4449,1
4448,1
4447,0
4446,1
4445,1
4444,1
4443,0
4442,1
4441,0
4440,0
4439,1
4438,0
4437,1
4436,1
4435,1
4434,0
4433,0
4432,1
4431,0
4430,1
4429,1
4428,1
4427,0
4426,1
4425,1
4424,1
4423,0
4422,1
4421,1
4420,0
4419,1
4418,1
4417,1
4416,1
4415,0
4414,1
4413,0
4412,0
4411,1
4410,1
4409,0
4408,1
4407,0
4406,1
4405,0
4404,0
4403,0
4402,1
4401,0
4400,0
4399,1
4398,0
4397,1
4396,1
4395,0
4394,0
4393,0
4392,1
4391,0
4390,1
4389,1
4388,1
4387,1
4386,0
4385,1
4384,1
4383,0
4381,0
4380,1
4379,1
4378,1
4377,0
4376,0
4375,0
4374,1
4373,1
4372,1
4371,1
4370,1
4369,1
4368,0
4367,1
4366,0
4365,1
4364,0
4363,1
4362,1
4361,1
4360,0
4359,0
4358,0
4357,1
4356,1
4355,1
4354,1
4353,0
4352,0
4351,1
4350,0
4349,0
4348,0
4347,1
4346,0
4345,1
4344,0
4343,0
4342,0
4341,0
4340,1
4339,0
4338,0
4337,1
4336,0
4335,1
4334,0
4333,0
4332,1
4331,0
4330,1
4329,1
4328,1
4327,1
4326,0
4325,1
4324,1
4323,1
4322,1
4321,1
4320,0
4319,1
4318,1
4317,1
4316,1
4315,0
4314,0
4313,0
4312,1
4311,1
4310,1
4309,0
4308,1
4307,1
4306,1
4305,1
4304,1
4303,1
4302,0
4301,1
4300,0
4299,0
4298,1
4297,1
4296,1
4295,1
4294,1
4293,1
4292,0
4291,0
4290,1
4289,1
4288,1
4287,0
4286,1
4285,0
4284,1
4283,0
4282,1
4281,1
4280,0
4279,1
4278,1
4277,0
4276,1
4275,0
4274,0
4273,1
4272,0
4271,0
4270,0
4269,1
4268,0
4267,0
4266,1
4265,1
4264,0
4263,1
4261,0
4260,0
4259,0
4258,1
4257,1
4256,0
4255,1
4254,1
4253,0
4252,1
4251,1
4250,0
4249,1
4248,1
4247,1
4246,0
4245,1
4244,0
4243,1
4242,1
4241,1
4240,0
4239,1
4238,1
4237,0
4236,0
4235,1
4234,1
4233,1
4232,1
4231,0
4230,1
4229,0
4228,1
4227,1
4226,0
4225,1
4224,0
4223,0
4222,1
4221,1
4220,1
4219,1
4218,0
4217,1
4216,1
4215,1
4214,1
4213,1
4212,0
4211,0
4210,1
4209,1
4208,0
4207,0
4206,0
4205,1
4204,1
4203,0
4202,1
4201,0
4200,1
4199,1
4198,1
4197,1
4196,0
4195,1
4194,0
4193,1
4192,0
4191,1
4190,0
4189,1
4188,0
4187,1
4186,1
4185,0
4184,1
4183,1
4182,1
4181,1
4180,1
4179,1
4178,1
4177,1
4176,0
4175,1
4174,1
4173,0
4172,1
4171,1
4170,1
4169,1
4168,1
4167,0
4166,1
4165,1
4164,0
4163,0
4162,1
4161,0
4160,1
4159,1
4158,1
4157,0
4156,0
4154,0
4153,1
4152,1
4151,0
4150,1
4149,0
4148,1
4147,1
4146,1
4145,1
4144,0
4143,0
4142,1
4141,1
4140,1
4139,1
4138,0
4137,1
4136,0
4135,0
4134,0
4133,1
4132,1
4130,0
4129,0
4127,1
4126,0
4125,0
4124,1
4123,1
4122,0
4121,0
4120,1
4119,1
4118,0
4117,1
4115,1
4114,1
4113,1
4112,0
4111,1
4110,1
4109,1
4108,0
4107,1
4106,0
4105,0
4104,1
4103,0
4102,1
4100,1
4099,1
4098,1
4097,0
4096,1
4095,1
4094,1
4093,1
4092,0
4091,0
4090,1
4089,1
4088,1
4087,1
4086,0
4085,1
4084,0
4083,0
4082,0
4081,1
4080,1
4079,0
4078,0
4077,1
4076,1
4075,0
4074,1
4073,0
4072,0
4071,1
4070,1
4069,1
4068,0
4067,1
4066,1
4065,1
4064,1
4063,1
4062,1
4061,0
4060,1
4059,1
4058,1
4057,1
4056,1
4055,1
4054,1
4053,1
4052,1
4051,0
4050,0
4049,0
4047,1
4046,1
4045,1
4044,1
4043,1
4042,1
4041,1
4040,0
4039,1
4038,0
4037,0
4036,0
4035,1
4034,0
4033,0
4032,1
4031,1
4030,1
4029,1
4028,0
4027,0
4026,1
4025,1
4024,1
4023,0
4022,0
4021,1
4020,1
4018,0
4017,1
4016,1
4015,0
4014,1
4013,1
4012,0
4011,1
4010,1
4009,0
4008,1
4007,1
4006,0
4005,1
4004,1
4003,1
4002,0
4001,0
4000,0
3999,1
3998,1
3997,0
3996,0
3995,0
3994,0
3993,1
3992,0
3991,0
3990,1
3989,1
3988,1
3987,1
3986,0
3985,0
3984,0
3983,1
3981,1
3980,0
3979,0
3978,1
3977,1
3976,1
3975,0
3974,1
3973,0
3972,1
3971,0
3970,0
3969,1
3968,1
3967,0
3966,0
3965,0
3964,1
3963,0
3962,0
3961,0
3960,0
3959,0
3958,1
3957,0
3955,1
3954,1
3953,1
3952,1
3951,1
3950,1
3949,1
3948,1
3947,1
3946,0
3945,1
3944,1
3943,1
3942,1
3941,1
3940,0
3939,1
3938,0
3937,1
3936,1
3935,1
3934,1
3933,0
3932,0
3931,1
3930,1
3929,1
3928,0
3927,0
3926,0
3925,1
3924,0
3922,1
3921,1
3920,1
3919,1
3918,0
3917,1
3916,0
3915,0
3914,1
3913,0
3912,1
3911,1
3910,1
3909,0
3908,1
3907,0
3906,1
3905,1
3904,1
3903,1
3902,0
3901,1
3900,0
3899,0
3898,1
3897,1
3896,1
3895,1
3894,1
3893,0
3892,0
3891,0
3890,1
3889,1
3888,0
3887,1
3886,0
3885,0
3884,0
3883,0
3882,1
3881,1
3880,1
3879,0
3878,1
3877,1
3876,1
3875,1
3874,0
3873,1
3872,0
3871,1
3869,1
3868,0
3867,1
3866,1
3865,1
3864,1
3863,1
3862,1
3861,0
3860,1
3859,1
3858,1
3857,1
3856,1
3855,1
3854,1
3853,1
3852,1
3851,1
3850,1
3849,0
3848,1
3847,1
3846,0
3845,1
3844,1
3843,1
3842,1
3841,1
3840,0
3839,1
3838,1
3837,1
3836,0
3835,1
3834,1
3833,1
3832,0
3831,1
3830,1
3829,1
3828,0
3827,1
3826,1
3825,1
3824,1
3823,0
3822,1
3821,1
3820,1
3819,1
3818,1
3817,0
3816,0
3815,1
3814,1
3813,0
3812,1
3811,1
3810,1
3809,0
3808,0
3807,1
3806,1
3805,1
3804,1
3803,1
3802,1
3801,0
3800,1
3799,1
3798,0
3797,0
3796,1
3795,0
3794,0
3793,1
3792,0
3791,1
3790,1
3789,1
3788,1
3787,0
3786,1
3785,0
3784,1
3783,1
3782,0
3781,1
3780,1
3779,1
3778,0
3777,0
3776,1
3775,0
3774,1
3773,1
3772,0
3771,1
3770,0
3769,0
3768,0
3767,0
3765,1
3764,1
3763,1
3762,0
3761,1
3760,1
3759,0
3758,1
3757,0
3756,1
3755,1
3754,1
3753,0
3752,0
3751,0
3750,1
3749,0
3748,1
3747,0
3746,1
3745,0
3744,0
3743,0
3742,1
3741,0
3740,0
3739,0
3738,0
3737,1
3736,1
3735,0
3734,0
3733,0
3732,1
3731,1
3730,0
3729,1
3728,0
3727,0
3726,1
3725,0
3724,0
3723,1
3722,1
3721,1
3720,0
3719,0
3718,1
3717,0
3716,1
3715,1
3714,0
3713,1
3712,0
3711,1
3710,1
3709,0
3708,0
3707,0
3706,1
3704,1
3703,1
3702,0
3701,0
3700,0
3699,1
3698,1
3697,1
3696,1
3695,1
3693,1
3692,0
3691,0
3690,0
3689,1
3688,1
3687,1
3686,0
3685,1
3684,1
3683,0
3682,0
3681,0
3679,1
3678,1
3677,0
3676,0
3675,1
3674,0
3673,1
3672,0
3671,1
3670,1
3669,0
3668,0
3667,0
3666,0
3665,1
3664,1
3663,0
3662,1
3661,1
3660,0
3659,0
3658,1
3657,1
3656,0
3655,0
3654,0
3653,0
3652,1
3651,0
3650,1
3649,0
3648,1
3647,1
3646,0
3645,1
3644,1
3643,1
3642,1
3641,0
3640,1
3639,1
3638,0
3637,1
3636,1
3635,0
3634,0
3633,0
3632,0
3631,0
3630,0
3628,1
3627,0
3626,0
3625,1
3624,0
3623,1
3622,1
3621,1
3620,0
3619,1
3618,1
3617,1
3616,0
3614,1
3613,1
3612,0
3611,1
3610,0
3609,1
3608,0
3607,1
3606,1
3605,1
3604,1
3603,0
3602,1
3601,1
3600,1
3599,1
3598,1
3597,1
3596,1
3595,1
3594,1
3593,1
3592,1
3591,1
3590,1
3589,0
3588,1
3587,0
3586,0
3585,1
3584,1
3583,0
3582,0
3581,0
3580,0
3579,1
3578,1
3577,1
3576,1
3575,1
3574,1
3573,1
3571,1
3570,0
3569,0
3568,1
3567,1
3566,0
3565,1
3564,0
3563,1
3562,1
3561,1
3560,0
3559,1
3558,1
3557,0
3556,1
3555,1
3554,1
3553,1
3552,1
3551,0
3550,0
3549,1
3548,1
3547,1
3546,1
3545,0
3544,0
3543,1
3542,0
3541,1
3540,1
3539,1
3538,1
3537,1
3536,0
3535,1
3534,0
3533,0
3532,1
3531,0
3530,0
3529,1
3528,0
3527,1
3526,0
3524,1
3523,1
3522,1
3521,1
3520,1
3519,0
3518,1
3517,0
3516,0
3515,0
3514,0
3513,0
3512,1
3511,1
3510,0
3509,0
3508,1
3507,0
3506,1
3505,0
3504,1
3503,1
3502,0
3501,0
3500,0
3498,1
3497,0
3496,1
3495,1
3494,1
3493,1
3492,1
3491,0
3490,0
3489,0
3487,1
3486,1
3485,1
3484,1
3483,1
3482,1
3481,1
3480,1
3479,1
3478,0
3477,0
3476,1
3475,0
3474,1
3473,0
3472,1
3471,0
3470,1
3469,1
3468,1
3467,1
3466,1
3465,1
3464,1
3463,1
3462,0
3461,1
3460,1
3459,1
3458,0
3457,1
3456,0
3455,1
3454,1
3453,1
3452,1
3451,0
3450,0
3449,1
3448,1
3447,0
3446,1
3445,1
3444,0
3443,1
3442,1
3441,0
3440,1
3439,1
3438,1
3437,1
3436,0
3435,0
3434,1
3433,1
3432,0
3431,0
3430,1
3429,1
3428,0
3427,1
3426,1
3425,0
3424,0
3423,0
3422,0
3421,1
3420,1
3419,0
3418,0
3417,0
3416,1
3415,0
3414,0
3413,0
3412,1
3411,0
3410,1
3409,1
3408,1
3407,1
3406,0
3405,1
3404,1
3403,1
3402,0
3401,1
3400,0
3399,1
3398,0
3397,0
3396,1
3395,1
3394,1
3393,1
3392,0
3391,1
3390,1
3389,1
3388,1
3387,1
3386,0
3385,1
3384,0
3383,1
3382,1
3381,1
3380,1
3379,1
3378,0
3377,1
3376,0
3375,0
3374,0
3373,1
3372,1
3371,1
3370,1
3369,1
3368,1
3367,1
3366,1
3365,1
3364,0
3363,0
3362,1
3361,1
3360,1
3359,0
3358,1
3356,1
3355,0
3354,1
3353,1
3352,0
3351,1
3350,1
3349,0
3348,1
3347,0
3345,0
3344,1
3343,0
3342,1
3341,1
3340,1
3339,1
3338,1
3337,1
3336,0
3335,1
3334,0
3333,0
3332,1
3331,1
3330,1
3329,1
3328,1
3327,1
3326,0
3325,1
3324,1
3323,0
3322,1
3321,0
3320,1
3319,0
3318,0
3317,0
3316,0
3314,0
3313,1
3312,1
3311,0
3310,0
3309,0
3308,0
3307,0
3306,1
3305,0
3304,1
3303,0
3302,1
3301,1
3300,1
3299,1
3298,1
3297,1
3296,0
3295,0
3294,1
3293,0
3292,1
3291,1
3290,1
3289,0
3288,1
3287,1
3286,0
3285,1
3284,1
3283,0
3282,0
3281,0
3280,1
3279,1
3278,1
3277,1
3276,1
3275,1
3274,1
3273,1
3272,0
3271,0
3270,0
3269,1
3268,1
3267,1
3266,0
3265,0
3264,1
3263,1
3262,1
3261,1
3260,1
3259,0
3258,1
3257,1
3256,1
3255,1
3254,1
3253,0
3252,1
3251,0
3250,1
3249,1
3248,1
3247,1
3246,1
3245,1
3244,1
3243,1
3242,0
3241,1
3240,1
3239,0
3238,0
3237,1
3236,0
3235,0
3234,1
3233,0
3232,1
3231,0
3230,1
3229,1
3228,1
3227,1
3226,0
3225,0
3224,0
3223,1
3222,1
3221,1
3220,0
3219,1
3218,1
3217,0
3216,1
3215,0
3214,1
3213,1
3212,1
3211,1
3209,1
3208,0
3207,1
3206,1
3205,1
3204,1
3203,0
3202,0
3201,0
3200,1
3199,0
3198,1
3197,1
3196,1
3195,0
3194,1
3193,0
3192,0
3191,0
3190,1
3189,1
3188,1
3187,1
3186,0
3185,0
3184,0
3183,1
3182,0
3181,0
3180,1
3179,0
3178,1
3177,1
3176,1
3175,1
3174,1
3173,0
3172,1
3171,1
3170,1
3169,1
3168,1
3167,1
3166,0
3165,0
3164,1
3163,1
3162,1
3161,1
3160,1
3159,0
3158,1
3157,0
3156,0
3155,1
3154,0
3153,1
3152,0
3151,0
3150,1
3149,1
3148,1
3147,1
3146,0
3145,0
3144,0
3143,1
3142,1
3141,1
3140,1
3139,1
3138,1
3137,1
3136,0
3135,1
3134,1
3133,1
3131,1
3130,0
3129,1
3128,0
3127,0
3126,1
3125,1
3124,0
3123,0
3122,1
3121,0
3120,1
3119,1
3118,0
3117,0
3116,1
3115,1
3114,0
3113,0
3112,1
3111,1
3110,0
3109,1
3108,0
3107,0
3106,1
3105,1
3104,0
3103,1
3102,1
3101,0
3100,1
3099,1
3097,0
3096,1
3095,0
3094,1
3093,1
3092,1
3091,1
3090,1
3089,1
3088,0
3087,1
3086,0
3085,0
3084,1
3083,0
3082,1
3081,0
3080,1
3079,1
3078,1
3077,1
3076,1
3075,0
3074,0
3073,0
3072,1
3071,1
3070,1
3069,0
3068,0
3067,0
3066,1
3065,0
3064,0
3063,0
3061,1
3060,1
3059,0
3058,1
3057,0
3056,1
3055,1
3054,1
3053,1
3052,1
3051,1
3050,0
3049,1
3048,1
3047,1
3046,1
3045,1
3044,0
3043,0
3042,0
3041,0
3040,0
3039,0
3038,1
3037,1
3036,0
3035,0
3034,1
3033,1
3032,0
3031,0
3030,0
3029,1
3028,0
3026,1
3025,1
3024,1
3023,0
3022,0
3021,1
3020,0
3019,0
3018,1
3017,0
3016,0
3015,0
3014,1
3013,0
3012,1
3011,1
3010,1
3009,0
3008,1
3007,1
3006,0
3005,1
3004,1
3003,1
3002,1
3001,1
2999,1
2998,1
2997,1
2996,1
2995,0
2994,0
2993,1
2992,1
2991,1
2990,0
2989,0
2988,1
2987,1
2986,1
2985,0
2984,0
2983,0
2982,1
2981,0
2980,0
2979,1
2978,0
2977,0
2976,0
2975,0
2974,1
2973,1
2972,1
2971,0
2970,0
2969,0
2968,0
2967,0
2966,1
2965,1
2964,1
2963,1
2962,1
2961,1
2960,1
2959,1
2958,0
2957,1
2956,0
2955,1
2954,0
2953,1
2952,0
2951,0
2950,0
2949,0
2948,1
2947,1
2946,0
2945,0
2944,1
2943,0
2942,0
2941,0
2940,0
2939,1
2938,1
2937,1
2936,0
2935,1
2934,1
2933,0
2932,1
2931,0
2930,1
2929,1
2928,1
2927,0
2926,1
2925,1
2924,0
2923,0
2922,1
2921,0
2920,1
2919,0
2918,1
2917,1
2916,1
2915,0
2914,1
2913,0
2912,0
2911,0
2910,1
2909,0
2907,0
2906,1
2905,0
2904,1
2903,0
2902,1
2901,1
2900,1
2899,0
2898,1
2897,1
2896,0
2895,1
2894,0
2893,1
2892,1
2891,1
2890,0
2889,0
2888,0
2887,1
2886,0
2885,1
2884,0
2883,1
2882,0
2881,1
2880,0
2879,1
2878,1
2877,1
2876,0
2875,1
2874,1
2873,0
2872,1
2871,1
2870,0
2869,1
2868,1
2867,0
2866,0
2865,1
2864,1
2863,0
2862,1
2861,1
2860,0
2859,0
2858,1
2857,0
2856,0
2855,0
2854,0
2853,0
2852,0
2851,1
2850,1
2849,0
2848,1
2847,1
2846,0
2845,1
2844,1
2843,0
2842,0
2841,1
2840,1
2839,1
2838,1
2837,0
2836,1
2835,0
2834,1
2833,1
2832,0
2831,1
2830,1
2829,1
2828,1
2827,1
2826,1
2825,1
2824,1
2823,0
2822,1
2821,0
2820,1
2819,1
2818,1
2817,0
2816,0
2815,1
2814,1
2813,1
2812,1
2811,1
2810,0
2809,0
2808,0
2807,0
2806,1
2805,1
2804,0
2803,1
2802,1
2801,1
2800,1
2799,1
2798,1
2797,1
2796,0
2795,1
2794,1
2793,0
2792,0
2791,1
2790,1
2789,1
2788,1
2787,1
2786,1
2785,0
2784,1
2783,0
2782,1
2781,1
2780,1
2779,0
2778,1
2777,0
2776,0
2775,1
2774,1
2773,0
2772,0
2771,1
2770,1
2769,1
2768,1
2767,1
2766,0
2765,0
2764,1
2763,0
2762,1
2761,1
2760,1
2759,1
2758,0
2757,1
2756,0
2755,0
2754,1
2752,0
2751,1
2750,1
2749,1
2748,1
2747,1
2746,1
2745,0
2744,0
2743,1
2742,0
2741,1
2740,1
2739,0
2738,0
2737,1
2736,1
2735,1
2734,1
2733,1
2732,1
2731,0
2730,0
2728,0
2727,0
2726,1
2725,1
2724,0
2723,1
2722,1
2721,0
2720,0
2719,0
2718,0
2717,1
2716,1
2715,0
2714,0
2713,0
2712,1
2711,0
2710,0
2709,1
2708,1
2707,0
2706,1
2705,1
2704,0
2703,0
2702,1
2701,1
2700,1
2699,1
2698,1
2697,1
2696,0
2695,1
2694,0
2693,0
2692,0
2691,0
2690,0
2689,0
2688,1
2687,0
2686,1
2685,1
2684,1
2683,1
2682,1
2681,0
2680,1
2679,0
2678,0
2677,0
2676,1
2675,1
2674,1
2673,1
2672,1
2670,1
2669,1
2668,1
2667,0
2666,1
2665,0
2664,0
2663,0
2662,1
2661,1
2660,0
2659,1
2658,1
2657,1
2656,0
2655,0
2654,1
2653,1
2652,0
2651,1
2650,1
2649,1
2648,1
2647,0
2646,0
2645,1
2644,0
2643,1
2642,0
2641,1
2640,0
2638,1
2637,0
2636,0
2635,1
2634,1
2633,0
2632,0
2631,1
2630,0
2629,0
2628,1
2627,1
2626,1
2625,0
2624,1
2623,0
2622,0
2621,1
2620,0
2619,1
2618,1
2617,0
2616,1
2615,1
2614,1
2613,0
2612,0
2611,0
2610,0
2609,1
2608,1
2607,1
2606,1
2605,0
2604,1
2603,0
2602,0
2601,0
2600,0
2599,0
2598,1
2596,1
2595,1
2594,0
2593,1
2592,0
2591,1
2590,0
2589,1
2588,1
2587,0
2586,1
2585,0
2584,1
2583,1
2582,1
2581,1
2580,0
2579,1
2578,0
2577,1
2576,1
2575,0
2574,0
2573,1
2572,1
2571,1
2570,0
2569,0
2568,1
2567,1
2566,1
2565,0
2564,0
2563,1
2562,1
2561,0
2560,0
2559,1
2558,0
2557,1
2556,1
2555,1
2554,1
2553,1
2552,1
2551,0
2550,0
2549,1
2548,0
2547,1
2546,0
2545,0
2544,1
2543,0
2542,1
2541,1
2540,1
2539,0
2538,1
2537,1
2536,1
2535,1
2534,1
2533,0
2532,0
2531,0
2530,1
2529,1
2528,1
2527,1
2526,0
2525,1
2524,0
2523,1
2522,0
2521,0
2520,1
2519,0
2518,1
2517,0
2516,0
2515,1
2514,0
2513,1
2512,0
2511,1
2510,0
2509,1
2508,1
2507,1
2506,0
2505,0
2504,1
2503,1
2502,0
2501,1
2500,0
2499,1
2498,1
2497,1
2496,0
2495,1
2494,1
2493,1
2492,1
2491,1
2490,0
2489,1
2488,1
2487,1
2486,1
2485,1
2484,0
2483,1
2482,1
2481,0
2480,0
2479,1
2478,1
2477,1
2476,1
2475,1
2474,1
2473,1
2472,1
2471,0
2470,1
2468,0
2467,1
2466,0
2465,1
2464,1
2463,1
2462,0
2461,1
2460,0
2459,0
2458,0
2457,0
2456,0
2455,1
2454,1
2453,1
2452,1
2451,0
2450,0
2449,1
2448,1
2446,0
2445,1
2444,1
2443,0
2442,1
2441,0
2440,1
2439,0
2438,1
2437,1
2436,1
2435,1
2434,1
2433,1
2432,0
2431,0
2430,1
2429,0
2428,1
2427,1
2426,0
2425,1
2424,1
2423,0
2422,1
2421,1
2420,0
2419,1
2418,1
2417,0
2416,1
2415,0
2414,1
2413,1
2412,1
2411,1
2410,1
2409,0
2408,0
2407,1
2406,1
2405,1
2404,0
2403,1
2402,1
2401,0
2400,0
2399,1
2398,0
2397,1
2396,1
2394,1
2393,1
2392,0
2391,1
2390,0
2389,1
2388,0
2387,0
2386,0
2385,0
2384,1
2383,1
2382,1
2381,1
2380,1
2379,1
2378,1
2377,0
2376,0
2375,0
2374,1
2373,1
2372,1
2371,1
2370,0
2369,1
2368,0
2367,1
2366,1
2365,1
2364,0
2362,0
2361,0
2360,0
2359,1
2358,1
2357,1
2356,1
2355,0
2354,1
2353,1
2352,1
2351,1
2350,1
2349,1
2348,0
2347,1
2346,0
2345,0
2344,0
2343,0
2342,0
2341,1
2340,1
2339,1
2338,1
2337,1
2336,0
2335,0
2334,1
2333,1
2332,1
2331,0
2330,0
2329,0
2328,1
2327,1
2326,1
2325,1
2324,1
2323,0
2322,1
2320,1
2319,1
2318,1
2317,1
2316,1
2315,0
2314,1
2313,0
2312,0
2311,1
2310,0
2309,1
2308,1
2307,1
2306,1
2305,1
2304,0
2303,1
2302,1
2301,0
2300,0
2299,0
2298,1
2297,1
2295,1
2294,1
2293,0
2292,1
2291,0
2290,1
2289,1
2288,1
2287,0
2286,1
2285,1
2284,1
2283,1
2282,1
2281,0
2280,1
2279,0
2278,1
2277,0
2276,0
2275,1
2274,1
2273,0
2272,0
2271,0
2270,0
2269,1
2268,0
2267,0
2266,1
2265,0
2264,0
2263,0
2262,0
2261,1
2260,1
2259,1
2258,0
2257,1
2256,1
2255,0
2254,0
2253,1
2252,0
2251,1
2250,1
2249,1
2248,1
2247,1
2246,0
2245,1
2244,1
2242,0
2241,1
2240,0
2239,1
2238,1
2237,1
2236,0
2235,1
2234,1
2233,0
2232,1
2231,1
2230,1
2229,0
2228,0
2227,0
2226,0
2225,1
2224,1
2223,1
2222,1
2221,0
2220,1
2219,1
2218,1
2217,1
2216,1
2214,1
2213,0
2212,1
2211,0
2210,1
2209,0
2208,1
2207,0
2206,0
2205,1
2204,0
2203,0
2202,0
2201,1
2200,1
2199,0
2198,1
2197,1
2196,0
2195,0
2194,0
2193,1
2192,1
2191,0
2190,1
2189,1
2188,0
2187,0
2186,0
2185,1
2184,0
2183,1
2182,0
2181,1
2180,1
2179,0
2178,1
2177,0
2176,1
2175,1
2174,1
2173,0
2172,1
2171,1
2170,0
2169,1
2168,0
2167,0
2166,1
2165,0
2164,0
2163,0
2162,1
2161,0
2160,0
2159,1
2158,1
2157,0
2156,1
2155,0
2154,0
2153,0
2152,1
2151,1
2150,0
2149,1
2148,1
2147,0
2146,0
2145,0
2144,1
2143,1
2142,0
2141,0
2140,0
2139,1
2138,1
2136,0
2135,0
2134,0
2133,1
2132,0
2131,0
2130,1
2129,0
2128,0
2127,0
2126,1
2125,1
2124,1
2123,1
2122,0
2121,1
2120,1
2119,1
2118,0
2117,0
2116,0
2115,1
2114,1
2113,0
2112,0
2111,1
2110,1
2108,0
2106,0
2105,1
2104,0
2103,1
2102,0
2101,0
2100,0
2099,1
2098,0
2097,1
2096,1
2095,1
2094,1
2093,0
2092,0
2091,1
2090,1
2089,1
2088,0
2087,1
2086,0
2085,1
2084,1
2083,1
2082,0
2081,1
2080,1
2079,0
2078,0
2077,1
2076,1
2075,0
2074,1
2073,0
2072,1
2071,1
2070,1
2069,0
2068,1
2067,1
2066,0
2065,1
2063,1
2062,0
2061,1
2060,1
2059,0
2058,0
2057,0
2055,1
2054,1
2053,1
2052,1
2051,0
2050,0
2049,1
2048,1
2047,1
2046,1
2045,0
2044,1
2043,1
2042,1
2041,1
2040,1
2039,0
2038,0
2037,1
2036,1
2035,1
2034,0
2033,1
2032,0
2031,0
2030,0
2029,1
2028,1
2027,1
2026,0
2025,0
2024,1
2023,0
2022,1
2021,1
2020,0
2019,1
2018,1
2017,1
2016,0
2015,1
2014,1
2013,1
2012,1
2011,0
2010,0
2009,1
2008,0
2007,1
2006,1
2005,1
2004,1
2003,0
2001,1
2000,1
1999,0
1998,1
1997,0
1996,0
1995,1
1994,0
1993,0
1992,1
1991,1
1990,1
1989,1
1988,0
1987,0
1986,0
1985,1
1984,1
1983,1
1982,0
1981,1
1980,0
1979,1
1978,1
1977,0
1976,0
1975,1
1974,0
1973,1
1972,0
1971,1
1970,1
1969,1
1968,0
1967,1
1966,0
1965,1
1964,1
1963,0
1962,1
1961,1
1960,1
1959,0
1958,1
1957,1
1956,0
1955,0
1954,1
1953,0
1952,0
1951,0
1950,0
1949,0
1948,0
1947,1
1946,1
1945,0
1944,1
1943,0
1942,0
1941,1
1940,0
1939,0
1938,1
1937,0
1936,1
1935,1
1934,1
1933,1
1932,1
1931,1
1930,1
1929,0
1928,0
1927,1
1926,1
1925,0
1924,1
1923,0
1922,1
1921,0
1920,0
1919,1
1918,1
1917,0
1916,1
1915,1
1914,0
1913,0
1912,1
1911,1
1910,0
1909,1
1908,0
1907,1
1906,0
1905,1
1904,1
1903,0
1902,0
1901,1
1900,1
1899,0
1898,1
1897,0
1896,0
1895,0
1894,1
1893,0
1892,0
1891,1
1890,0
1889,1
1888,0
1887,0
1886,0
1885,1
1884,1
1883,1
1882,1
1881,1
1879,0
1878,0
1877,0
1876,1
1875,0
1874,0
1873,1
1872,0
1871,0
1870,1
1869,1
1868,1
1867,1
1866,0
1865,0
1864,0
1863,1
1862,1
1861,1
1860,1
1859,0
1858,0
1857,1
1856,1
1855,0
1854,1
1853,1
1852,1
1851,1
1850,1
1849,0
1848,0
1847,0
1846,1
1845,1
1844,0
1843,1
1842,0
1841,1
1840,1
1839,0
1838,1
1837,0
1836,1
1835,0
1834,1
1833,1
1832,1
1831,0
1830,0
1829,1
1828,1
1827,0
1826,1
1825,1
1824,1
1823,0
1822,1
1821,1
1820,1
1819,1
1818,1
1816,1
1815,0
1814,0
1813,0
1812,1
1811,1
1809,1
1808,0
1807,1
1806,1
1805,0
1804,0
1803,1
1802,0
1801,0
1800,1
1799,0
1798,0
1797,0
1796,1
1795,1
1794,1
1793,1
1792,1
1791,1
1790,1
1789,1
1788,1
1787,1
1786,0
1785,0
1784,0
1783,1
1782,1
1781,0
1780,0
1779,0
1778,0
1777,1
1776,1
1775,0
1774,1
1773,1
1772,0
1771,1
1770,0
1769,0
1768,0
1767,0
1766,1
1765,0
1764,1
1763,1
1762,0
1761,0
1760,0
1759,1
1758,1
1757,1
1756,0
1755,0
1754,1
1753,1
1752,0
1751,0
1750,0
1749,1
1748,0
1747,0
1746,1
1745,1
1744,1
1743,1
1742,0
1741,0
1740,1
1739,0
1738,0
1737,1
1736,0
1735,0
1734,1
1733,0
1732,1
1731,0
1730,1
1729,0
1727,0
1726,0
1725,1
1724,1
1723,1
1722,1
1721,1
1720,1
1719,0
1718,0
1717,0
1716,1
1715,0
1714,1
1713,0
1712,0
1711,1
1710,1
1709,0
1708,0
1707,0
1706,1
1705,1
1704,0
1703,1
1702,1
1701,0
1700,0
1699,1
1698,1
1697,1
1696,0
1695,1
1694,1
1693,1
1692,0
1691,1
1690,0
1689,1
1688,1
1687,1
1686,0
1685,0
1684,1
1682,1
1681,1
1680,0
1678,1
1677,1
1676,1
1675,0
1674,1
1673,0
1672,1
1671,0
1670,1
1669,0
1668,0
1667,0
1666,0
1665,1
1664,1
1663,1
1662,0
1661,0
1660,1
1659,1
1658,1
1657,1
1656,0
1655,0
1654,1
1653,1
1652,0
1651,0
1650,1
1649,1
1648,1
1647,1
1646,0
1645,1
1644,0
1643,1
1642,1
1641,1
1640,1
1639,1
1638,1
1637,1
1636,1
1635,1
1634,1
1633,1
1632,1
1631,1
1630,0
1629,0
1628,1
1627,0
1626,1
1625,1
1624,1
1623,1
1622,0
1621,1
1620,0
1619,1
1618,0
1617,0
1616,1
1615,1
1614,0
1613,1
1612,1
1611,1
1610,0
1609,1
1608,0
1607,0
1606,0
1605,1
1604,0
1603,0
1602,0
1601,0
1600,1
1599,0
1598,0
1597,0
1596,0
1595,1
1594,0
1593,0
1592,1
1591,1
1590,0
1589,1
1588,0
1587,0
1586,1
1585,1
1584,1
1583,1
1582,1
1581,0
1580,1
1579,0
1578,0
1577,0
1576,0
1575,0
1574,1
1573,1
1572,1
1571,0
1570,1
1569,1
1568,1
1567,0
1566,1
1565,1
1564,0
1563,0
1562,0
1561,1
1560,0
1559,1
1558,1
1557,0
1556,0
1555,0
1554,0
1553,1
1552,1
1551,0
1550,0
1549,0
1548,1
1547,1
1546,1
1545,1
1544,1
1543,1
1542,1
1541,0
1540,1
1539,0
1538,0
1537,1
1536,1
1535,1
1534,0
1533,1
1532,1
1531,1
1530,1
1529,1
1528,0
1527,0
1526,0
1525,0
1524,1
1523,0
1522,0
1521,1
1520,1
1519,1
1518,1
1517,0
1516,0
1515,1
1514,1
1513,1
1512,1
1511,0
1510,0
1509,0
1508,0
1507,0
1506,1
1505,1
1504,1
1503,1
1502,0
1501,1
1500,0
1499,0
1498,0
1497,1
1496,1
1495,0
1494,1
1493,0
1491,0
1490,0
1489,0
1488,0
1487,1
1486,0
1485,0
1484,1
1483,1
1482,0
1481,0
1480,0
1479,0
1478,1
1477,0
1476,0
1475,1
1474,0
1473,1
1472,0
1471,0
1470,0
1469,1
1468,0
1467,1
1466,1
1465,1
1464,0
1463,0
1462,0
1461,1
1460,1
1459,1
1458,1
1457,1
1456,1
1455,0
1454,1
1453,0
1452,0
1451,0
1450,0
1449,0
1448,0
1447,1
1446,1
1445,0
1444,0
1443,1
1442,1
1441,1
1440,0
1439,0
1438,1
1437,1
1436,0
1435,0
1434,1
1433,0
1432,0
1431,0
1430,0
1429,0
1428,1
1427,0
1426,1
1425,1
1424,0
1423,0
1422,0
1421,0
1420,0
1419,0
1418,0
1417,0
1416,1
1415,0
1414,0
1413,0
1412,1
1411,1
1410,1
1409,1
1408,1
1407,1
1406,1
1405,0
1404,1
1403,0
1402,1
1401,1
1400,1
1399,0
1398,1
1397,1
1396,1
1395,0
1394,0
1393,0
1392,1
1391,1
1390,1
1389,1
1388,1
1387,1
1386,1
1385,0
1384,1
1383,1
1382,1
1381,1
1380,0
1379,1
1378,1
1377,1
1376,0
1375,1
1374,1
1373,1
1372,1
1371,0
1370,1
1369,1
1368,0
1367,1
1366,1
1365,0
1364,0
1363,1
1362,1
1361,1
1360,1
1359,1
1358,1
1357,1
1356,1
1355,0
1354,1
1353,1
1352,1
1351,1
1350,1
1349,0
1348,1
1347,1
1346,1
1344,0
1343,1
1342,1
1341,0
1340,1
1339,0
1338,1
1337,0
1336,1
1335,1
1334,0
1333,1
1332,1
1331,0
1330,0
1329,1
1328,0
1327,1
1326,1
1325,1
1324,0
1323,1
1322,0
1321,0
1320,0
1319,0
1318,1
1317,1
1316,1
1315,1
1314,1
1313,0
1312,1
1310,0
1309,0
1308,1
1307,1
1306,0
1305,0
1304,0
1303,1
1301,0
1300,1
1299,1
1298,0
1297,1
1296,1
1295,1
1294,1
1293,0
1292,1
1291,1
1290,0
1289,0
1288,1
1287,1
1286,0
1285,1
1284,1
1283,0
1282,0
1281,1
1280,0
1279,1
1278,1
1277,1
1276,1
1275,0
1274,0
1273,0
1272,1
1271,1
1270,1
1269,0
1268,1
1267,1
1266,0
1265,1
1264,1
1263,0
1262,0
1261,0
1260,0
1259,1
1258,1
1257,1
1256,0
1255,1
1254,0
1253,0
1252,1
1251,0
1250,1
1249,0
1248,1
1247,0
1246,0
1245,0
1244,1
1243,1
1242,1
1241,1
1240,0
1239,0
1238,1
1237,0
1236,1
1235,0
1234,1
1233,0
1232,0
1231,1
1230,0
1229,0
1228,0
1227,1
1226,0
1225,0
1224,1
1223,0
1222,0
1221,0
1220,1
1219,1
1218,0
1217,0
1216,0
1215,0
1214,0
1213,1
1211,0
1210,1
1209,0
1208,1
1207,0
1206,1
1205,0
1204,1
1203,1
1202,1
1201,1
1200,1
1199,1
1198,1
1197,0
1196,0
1195,1
1194,0
1193,1
1192,0
1191,0
1190,1
1189,0
1188,1
1187,1
1186,1
1185,1
1184,0
1183,1
1182,0
1181,1
1180,1
1179,1
1178,0
1177,0
1176,1
1175,1
1174,1
1173,1
1172,0
1171,1
1170,1
1169,1
1168,0
1167,0
1166,0
1165,0
1164,0
1163,0
1162,1
1161,0
1160,1
1159,0
1158,0
1157,0
1156,1
1155,1
1154,1
1153,1
1152,0
1151,0
1150,1
1149,0
1148,0
1147,0
1146,0
1145,1
1144,0
1143,1
1142,1
1141,0
1140,1
1139,0
1138,0
1137,0
1136,0
1135,0
1134,0
1133,1
1132,1
1131,0
1130,1
1129,0
1128,0
1127,1
1126,0
1125,1
1124,0
1123,1
1122,1
1121,1
1120,1
1119,1
1118,0
1117,0
1116,0
1115,1
1114,1
1113,1
1112,1
1111,0
1110,1
1109,0
1108,1
1107,1
1106,0
1105,0
1104,1
1103,1
1102,1
1101,0
1100,1
1099,1
1098,1
1097,1
1096,1
1095,0
1094,0
1093,1
1092,0
1091,0
1090,0
1089,0
1088,1
1087,1
1086,0
1085,1
1084,0
1083,0
1082,1
1081,0
1080,0
1079,1
1078,0
1077,0
1076,0
1075,0
1074,1
1073,0
1072,0
1071,0
1070,0
1069,0
1068,1
1067,1
1066,1
1065,0
1064,1
1063,1
1062,1
1061,1
1060,1
1059,0
1058,1
1057,1
1056,0
1055,1
1054,0
1053,1
1052,1
1051,1
1050,0
1049,0
1048,1
1047,1
1046,0
1045,1
1044,0
1043,0
1042,1
1041,1
1040,0
1039,1
1038,1
1037,0
1036,0
1035,0
1034,1
1033,0
1032,0
1031,0
1030,1
1029,1
1028,0
1027,0
1026,1
1025,1
1024,0
1023,0
1022,1
1021,0
1020,1
1019,0
1018,1
1017,1
1016,1
1015,0
1014,0
1013,1
1012,1
1011,0
1010,1
1009,1
1008,1
1007,0
1006,0
1005,1
1004,0
1003,0
1002,1
1001,0
1000,0
999,0
998,0
997,0
996,1
995,1
994,1
993,1
992,1
991,0
990,0
989,1
988,1
987,0
986,1
985,0
984,1
983,1
982,0
981,1
980,1
979,1
978,0
977,0
976,0
975,0
974,0
973,1
972,1
971,1
970,1
969,1
968,0
967,1
966,1
965,1
964,0
963,1
962,0
961,1
960,1
959,1
958,1
957,1
956,1
955,0
954,0
953,1
952,0
951,1
950,1
949,0
948,1
947,1
946,1
945,0
944,0
943,1
942,1
941,1
939,0
938,1
937,1
936,1
935,1
934,1
933,0
932,0
931,0
930,1
929,1
928,1
927,0
926,0
925,1
924,1
923,1
922,0
921,0
920,1
919,0
918,0
917,1
916,1
915,1
914,1
913,1
912,0
911,1
910,1
909,1
908,0
907,1
906,1
905,1
904,0
903,0
902,1
901,0
900,1
899,1
898,1
897,1
896,0
895,1
894,1
893,1
892,1
891,1
890,0
889,1
888,1
887,0
886,1
885,1
884,0
883,0
882,0
881,1
880,1
879,0
878,0
877,0
876,0
875,0
874,1
873,1
872,0
871,1
870,1
869,1
868,1
867,1
866,1
865,0
864,0
863,1
862,1
861,1
859,1
858,0
857,1
856,1
855,0
854,1
853,1
852,0
851,1
850,0
849,0
848,1
846,1
845,0
844,0
843,0
842,0
841,0
840,1
839,1
838,1
837,0
836,0
835,1
834,1
832,0
831,1
830,0
829,0
828,1
827,1
825,0
824,1
823,1
822,0
821,1
820,1
819,1
818,0
817,0
816,0
815,0
814,0
813,0
812,0
811,0
810,0
809,1
808,0
807,1
805,0
804,1
803,1
802,0
801,1
800,1
799,1
798,1
797,1
796,0
795,1
794,1
793,1
792,1
791,0
790,1
789,1
788,1
787,1
785,0
784,1
783,1
782,1
781,1
780,0
779,1
778,1
777,0
776,1
775,0
774,1
773,0
772,1
771,0
770,1
769,0
768,0
767,1
766,0
765,1
764,1
763,1
762,1
761,0
760,1
759,1
758,1
757,1
756,0
755,0
754,1
753,1
752,0
751,1
750,0
749,0
748,0
747,1
746,0
745,0
744,0
743,1
742,0
741,1
740,0
739,1
738,1
737,1
735,1
734,0
733,0
732,0
731,0
730,1
729,1
728,1
727,0
725,1
724,0
723,0
722,1
721,1
720,1
719,1
717,0
716,1
715,1
714,1
713,1
712,1
711,0
710,1
709,0
708,1
707,1
706,1
705,1
704,1
703,0
702,1
701,1
700,0
699,0
698,1
697,1
696,1
695,1
694,1
693,1
692,0
691,0
690,1
689,1
688,1
687,0
686,1
685,1
684,1
683,1
682,0
681,0
680,1
679,1
678,1
677,1
676,1
675,1
674,1
673,1
672,1
671,1
670,0
669,0
668,1
667,1
666,0
665,1
664,0
663,1
662,1
661,0
660,0
658,0
657,1
656,0
655,1
654,1
653,0
652,0
651,1
650,1
649,0
648,1
647,1
646,1
645,1
644,0
643,1
642,0
641,0
640,0
639,1
638,0
637,1
636,1
635,0
634,1
633,0
632,0
631,1
630,0
629,1
628,1
627,1
626,1
625,0
624,1
623,0
622,1
621,1
620,1
619,0
618,0
617,1
616,1
615,1
614,1
613,1
612,1
611,1
610,1
609,1
608,1
607,1
606,1
605,1
604,1
603,0
602,0
601,0
600,0
599,0
597,0
596,1
595,1
594,0
593,1
592,1
591,0
590,1
589,1
588,1
587,0
586,1
585,1
584,1
583,1
582,1
581,1
580,1
579,1
578,1
577,0
576,0
575,0
574,0
573,0
572,0
571,1
570,0
569,1
568,0
567,1
566,1
565,1
564,1
563,1
562,0
561,1
560,0
559,0
558,1
557,1
556,1
555,1
553,1
552,0
551,0
550,1
549,0
548,0
547,1
546,1
545,0
544,1
543,0
542,0
541,1
540,0
539,1
538,1
537,1
536,1
535,1
534,0
533,0
532,1
531,0
530,1
529,1
528,0
527,1
526,0
525,1
524,0
522,0
521,1
520,1
519,1
518,1
517,1
516,1
515,1
514,0
513,0
512,0
511,1
510,1
509,0
508,0
507,1
506,1
505,1
504,1
503,1
502,0
501,1
500,1
499,1
498,1
497,0
496,0
495,1
494,0
493,1
492,1
491,1
490,1
489,0
488,0
487,1
486,1
485,0
484,0
483,0
482,0
481,0
480,0
479,0
478,1
477,1
476,1
475,1
474,1
473,0
472,0
471,1
470,1
469,1
468,1
467,1
466,1
465,1
463,1
462,0
461,1
460,1
459,1
458,1
457,1
456,1
455,1
453,0
452,0
451,0
450,1
449,0
448,1
447,1
446,1
445,0
444,1
443,1
442,1
441,1
440,1
439,1
438,1
437,0
436,1
435,0
434,1
433,0
432,0
431,0
430,0
429,0
428,0
427,1
426,0
425,1
424,0
422,1
421,0
420,0
419,0
418,0
417,1
416,0
415,0
414,1
413,1
412,1
411,1
410,0
409,0
408,0
407,1
406,0
405,1
404,1
403,0
402,1
401,1
400,1
399,1
398,1
397,0
395,1
394,1
393,0
392,1
391,1
390,1
389,1
388,1
387,1
386,1
385,1
384,1
383,0
382,1
381,1
380,1
379,1
378,1
377,0
376,0
374,1
373,1
372,0
371,1
370,1
369,0
368,1
367,0
366,1
365,1
364,1
363,0
362,0
361,1
360,1
358,1
357,1
356,0
355,1
354,0
353,0
352,1
351,1
350,1
349,0
348,1
347,1
346,0
345,0
344,0
343,1
342,0
341,0
340,1
339,1
338,0
337,1
336,0
335,1
334,0
333,0
332,1
331,1
330,0
329,0
328,0
327,1
326,0
325,1
324,1
323,0
322,0
321,1
319,1
318,0
317,0
316,1
315,1
314,1
313,1
312,1
311,0
310,1
309,0
308,0
307,1
306,1
305,1
304,0
303,1
302,1
301,1
300,0
299,1
298,1
297,1
296,1
295,1
294,0
293,0
292,1
291,0
290,0
289,0
288,1
287,0
286,0
285,1
284,1
283,0
282,0
281,1
280,0
279,1
278,1
277,1
276,1
275,1
274,1
273,0
272,1
271,0
270,0
269,1
268,1
267,0
266,0
265,1
264,0
263,1
262,1
261,1
260,0
259,1
258,0
257,0
256,1
255,0
254,0
253,1
252,1
251,0
249,0
248,1
247,1
246,1
245,1
244,1
243,0
242,1
241,1
240,1
239,1
238,1
237,0
236,1
235,1
234,1
233,0
232,0
231,0
230,0
229,0
228,1
227,1
226,0
225,1
224,0
223,1
222,1
221,1
220,1
219,1
218,0
217,1
216,1
215,1
214,1
213,1
212,0
211,1
210,1
209,1
208,0
207,0
206,1
205,1
204,1
203,0
202,1
201,0
200,0
199,1
198,1
197,1
196,0
195,1
194,1
193,1
192,0
191,0
190,0
189,0
188,1
187,1
186,1
185,1
184,0
183,1
182,0
181,0
180,1
179,0
178,1
177,1
176,1
175,0
174,0
173,0
172,1
171,1
170,0
169,0
168,0
167,0
166,1
165,1
164,0
163,1
162,1
161,0
160,0
159,0
158,1
157,1
155,0
154,0
153,0
152,1
151,0
150,1
149,0
148,0
147,1
146,1
145,1
144,0
143,1
142,1
141,1
140,0
139,0
138,0
137,1
136,0
135,1
134,0
133,1
132,0
131,1
130,1
129,1
126,1
125,1
124,0
123,1
122,0
121,1
120,1
119,0
118,1
117,0
116,0
115,1
114,1
113,0
112,1
111,0
110,0
109,0
108,0
107,1
106,1
105,1
104,0
103,0
102,1
101,1
100,0
99,0
98,0
97,0
96,1
95,0
94,1
93,1
92,1
91,1
90,1
89,1
88,1
87,0
86,1
85,0
84,1
83,0
82,1
81,1
80,0
79,1
78,1
77,0
76,1
75,0
74,1
73,1
72,1
71,0
69,0
68,0
67,1
66,1
65,1
64,0
63,0
62,0
61,1
60,1
59,0
58,1
57,0
56,0
55,0
54,1
53,1
52,0
51,1
50,1
49,1
48,1
47,0
46,0
45,0
44,0
43,1
42,0
41,1
40,0
39,1
38,1
37,1
36,1
35,0
34,0
33,1
32,1
31,1
30,0
29,0
28,1
27,1
26,0
25,0
23,0
22,1
21,1
20,1
19,0
18,0
17,1
16,1
15,1
14,1
13,1
12,1
11,1
10,0
9,0
8,1
7,1
6,0
5,1
4,1
3,1
2,1
1,0
0,0
